Command,Battery Consumption (%)
back,0.9912388023489754
ccw,1.495894063086908
cw,1.4993323474689597
down,1.201448307177061
flip,2.0078600515827425
forward,1.0010765115843205
land,2.57
left,0.9953362256009394
right,0.9943151173038987
takeoff,4.47
